,,Business Hours,,,,,,
Hospital,Address,Monday,Tuesday,Wednesday,Thursday,Friday,Saturday,Sunday
St. Joseph's Health Centre,30 The Queensway; Toronto; ON M6R 1B5,12:00 am - 11:59 pm,12:00 am - 11:59 pm,12:00 am - 11:59 pm,12:00 am - 11:59 pm,12:00 am - 11:59 pm,12:00 am - 11:59 pm,12:00 am - 11:59 pm
Mount Sinai Hospital,600 University Avenue; Toronto; ON M5G 1X5,12:00 am - 11:59 pm,12:00 am - 11:59 pm,12:00 am - 11:59 pm,12:00 am - 11:59 pm,12:00 am - 11:59 pm,12:00 am - 11:59 pm,12:00 am - 11:59 pm
Women's College Hospital,76 Grenville Street; Toronto; ON M5S 1B2,12:00 am - 11:59 pm,12:00 am - 11:59 pm,12:00 am - 11:59 pm,12:00 am - 11:59 pm,12:00 am - 11:59 pm,12:00 am - 11:59 pm,12:00 am - 11:59 pm
St. Michael's Hospital,30 Bond St; Toronto; ON M5B 1W8,12:00 am - 11:59 pm,12:00 am - 11:59 pm,12:00 am - 11:59 pm,12:00 am - 11:59 pm,12:00 am - 11:59 pm,12:00 am - 11:59 pm,12:00 am - 11:59 pm
The Hospital for Sick Children,555 University Ave; Toronto; ON M5G 1X8,12:00 am - 11:59 pm,12:00 am - 11:59 pm,12:00 am - 11:59 pm,12:00 am - 11:59 pm,12:00 am - 11:59 pm,12:00 am - 11:59 pm,12:00 am - 11:59 pm
Sunnybrook Health Sciences Centre,2075 Bayview Ave; Toronto; ON M4N 3M5,12:00 am - 11:59 pm,12:00 am - 11:59 pm,12:00 am - 11:59 pm,12:00 am - 11:59 pm,12:00 am - 11:59 pm,12:00 am - 11:59 pm,12:00 am - 11:59 pm
Toronto General Hospital,585 University Ave; Toronto; ON M5G 2N2,12:00 am - 11:59 pm,12:00 am - 11:59 pm,12:00 am - 11:59 pm,12:00 am - 11:59 pm,12:00 am - 11:59 pm,12:00 am - 11:59 pm,12:00 am - 11:59 pm
Toronto Western Hospital,399 Bathurst St; Toronto; ON M5T 2S8,12:00 am - 11:59 pm,12:00 am - 11:59 pm,12:00 am - 11:59 pm,12:00 am - 11:59 pm,12:00 am - 11:59 pm,12:00 am - 11:59 pm,12:00 am - 11:59 pm
North York General Hospital,4001 Leslie St; North York; ON M2K 1E1,12:00 am - 11:59 pm,12:00 am - 11:59 pm,12:00 am - 11:59 pm,12:00 am - 11:59 pm,12:00 am - 11:59 pm,12:00 am - 11:59 pm,12:00 am - 11:59 pm
Etobicoke General Hospital,101 Humber College Blvd; Etobicoke; ON M9V 1R8,12:00 am - 11:59 pm,12:00 am - 11:59 pm,12:00 am - 11:59 pm,12:00 am - 11:59 pm,12:00 am - 11:59 pm,12:00 am - 11:59 pm,12:00 am - 11:59 pm
Humber River Hospital,1235 Wilson Ave; Toronto; ON M3M 0B2,12:00 am - 11:59 pm,12:00 am - 11:59 pm,12:00 am - 11:59 pm,12:00 am - 11:59 pm,12:00 am - 11:59 pm,12:00 am - 11:59 pm,12:00 am - 11:59 pm
Michael Garron Hospital,825 Coxwell Ave; East York; ON M4C 3E7,12:00 am - 11:59 pm,12:00 am - 11:59 pm,12:00 am - 11:59 pm,12:00 am - 11:59 pm,12:00 am - 11:59 pm,12:00 am - 11:59 pm,12:00 am - 11:59 pm
The Scarborough Hospital,3050 Lawrence Ave E; Scarborough; ON M1P 2V5,12:00 am - 11:59 pm,12:00 am - 11:59 pm,12:00 am - 11:59 pm,12:00 am - 11:59 pm,12:00 am - 11:59 pm,12:00 am - 11:59 pm,12:00 am - 11:59 pm
West Park Healthcare Centre,82 Buttonwood Ave; York; ON M6M 2J5,12:00 am - 11:59 pm,12:00 am - 11:59 pm,12:00 am - 11:59 pm,12:00 am - 11:59 pm,12:00 am - 11:59 pm,12:00 am - 11:59 pm,12:00 am - 11:59 pm
Credit Valley Hospital,2200 Eglinton Ave W; Mississauga; ON L5M 2N1,12:00 am - 11:59 pm,12:00 am - 11:59 pm,12:00 am - 11:59 pm,12:00 am - 11:59 pm,12:00 am - 11:59 pm,12:00 am - 11:59 pm,12:00 am - 11:59 pm
Mississauga Hospital,100 Queensway W; Mississauga; ON L5B 1B8,12:00 am - 11:59 pm,12:00 am - 11:59 pm,12:00 am - 11:59 pm,12:00 am - 11:59 pm,12:00 am - 11:59 pm,12:00 am - 11:59 pm,12:00 am - 11:59 pm
MacKenzie Health,10 Trench Street; Richmond Hill; ON L4C 4Z3,12:00 am - 11:59 pm,12:00 am - 11:59 pm,12:00 am - 11:59 pm,12:00 am - 11:59 pm,12:00 am - 11:59 pm,12:00 am - 11:59 pm,12:00 am - 11:59 pm
Markham Stouffville Hospital,381 Church Street; Markham; ON L3P 7P3,12:00 am - 11:59 pm,12:00 am - 11:59 pm,12:00 am - 11:59 pm,12:00 am - 11:59 pm,12:00 am - 11:59 pm,12:00 am - 11:59 pm,12:00 am - 11:59 pm
Brampton Civic Hospital,2100 Bovaird Drive East; Brampton; ON L6R 3J7,12:00 am - 11:59 pm,12:00 am - 11:59 pm,12:00 am - 11:59 pm,12:00 am - 11:59 pm,12:00 am - 11:59 pm,12:00 am - 11:59 pm,12:00 am - 11:59 pm
